Rank,School,Games,OverallWins,OverallLosses,WinPct,OverallSRS,OverallSOS,HomeWins,HomeLosses,AwayWins,AwayLosses,ForPoints,OppPoints,Minutes,FieldGoalsMade,FieldGoalsAttempted,FieldGoalPCT,ThreePointMade,ThreePointAttempts,ThreePointPct,FreeThrowsMade,FreeThrowsAttempted,FreeThrowPCT,OffensiveRebounds,TotalRebounds,Assists,Steals,Blocks,Turnovers,PersonalFouls,Season
1,Abilene Christian,2,1,1,0.5,-11.61,-0.61,1,1,0,0,135,121,80,47,115,0.409,14,48,0.292,27,48,0.563,24,65,21,15,2,29,37,2023-2024
2,Air Force,2,1,1,0.5,6,24,1,0,0,1,126,162,80,43,127,0.339,8,32,0.25,32,45,0.711,35,86,20,14,7,41,45,2023-2024
3,Akron,2,0,2,0,-9.4,1.1,0,1,0,1,147,168,90,54,128,0.422,10,30,0.333,29,37,0.784,25,80,30,7,3,40,35,2023-2024
4,Alabama,3,3,0,1,22.48,-18.85,3,0,0,0,257,133,120,89,189,0.471,16,61,0.262,63,93,0.677,57,129,32,38,13,39,47,2023-2024
5,Alabama A&M,2,0,2,0,-36.35,-10.85,0,0,0,2,102,153,80,43,121,0.355,5,29,0.172,11,20,0.55,25,72,14,10,6,28,35,2023-2024
6,Alabama State,3,0,3,0,-31.74,17.26,0,0,0,3,137,284,120,53,151,0.351,10,38,0.263,21,36,0.583,27,89,32,17,18,94,84,2023-2024
7,Albany (NY),3,2,1,0.667,-2.36,-2.36,1,0,1,1,239,148,120,84,185,0.454,27,73,0.37,44,60,0.733,44,117,60,36,12,42,38,2023-2024
8,Alcorn State,1,0,1,0,3.63,38.63,0,0,0,1,42,77,40,18,67,0.269,4,16,0.25,2,7,0.286,12,34,8,9,2,17,23,2023-2024
9,American,2,1,1,0.5,-18.99,-20.99,1,0,0,1,134,130,80,50,124,0.403,13,44,0.295,21,35,0.6,22,89,41,17,5,43,30,2023-2024
10,Appalachian State,2,2,0,1,6.97,0.47,2,0,0,0,142,129,80,47,143,0.329,7,39,0.179,41,68,0.603,53,111,16,26,6,44,36,2023-2024
11,Arizona,3,3,0,1,13.32,-3.35,2,0,1,0,225,175,120,89,192,0.464,14,61,0.23,33,54,0.611,39,107,44,38,15,53,62,2023-2024
12,Arizona State,3,3,0,1,16.72,4.72,3,0,0,0,222,186,120,75,182,0.412,18,59,0.305,54,76,0.711,39,122,33,27,13,38,69,2023-2024
13,Arkansas,2,2,0,1,6.67,2.67,2,0,0,0,163,155,80,54,137,0.394,12,55,0.218,43,64,0.672,21,99,18,13,14,34,27,2023-2024
14,Arkansas State,2,1,1,0.5,-37.05,-37.05,1,0,0,1,117,117,80,41,124,0.331,12,44,0.273,23,28,0.821,20,80,19,18,6,23,31,2023-2024
15,Arkansas-Pine Bluff,2,0,2,0,9.1,27.6,0,0,0,2,134,171,80,49,140,0.35,16,54,0.296,20,27,0.741,25,74,20,12,8,24,44,2023-2024
16,Army,3,1,2,0.333,-4.85,0.48,1,1,0,1,196,212,120,72,189,0.381,13,59,0.22,39,54,0.722,39,91,30,31,7,46,66,2023-2024
17,Auburn,3,3,0,1,23.44,5.11,2,0,1,0,214,159,120,77,178,0.433,10,40,0.25,50,72,0.694,37,123,41,28,15,44,53,2023-2024
18,Austin Peay,2,0,2,0,-23.48,-18.48,0,2,0,0,111,132,80,43,102,0.422,6,29,0.207,19,29,0.655,20,62,19,7,8,34,40,2023-2024
19,Ball State,2,2,0,1,0,-24,1,0,1,0,183,135,80,70,128,0.547,19,44,0.432,24,39,0.615,12,52,43,32,3,27,38,2023-2024
20,Baylor,1,1,0,1,1.62,-30.38,1,0,0,0,85,53,40,31,59,0.525,8,24,0.333,15,24,0.625,8,42,19,6,4,11,11,2023-2024
21,Bellarmine,2,0,2,0,-14,18.5,0,0,0,2,129,194,80,39,111,0.351,19,55,0.345,32,44,0.727,16,58,23,14,3,39,50,2023-2024
22,Belmont,2,1,1,0.5,11.51,4.01,1,0,0,1,137,122,80,43,121,0.355,19,61,0.311,32,52,0.615,24,81,26,17,8,30,35,2023-2024
23,Bethune-Cookman,2,0,2,0,1.06,27.06,0,0,0,2,132,184,80,45,122,0.369,13,36,0.361,29,42,0.69,21,63,20,16,3,33,41,2023-2024
24,Binghamton,3,1,2,0.333,-27.62,-21.12,1,1,0,1,209,209,120,76,184,0.413,23,61,0.377,34,47,0.723,39,101,44,19,8,48,38,2023-2024
25,Boise State,2,2,0,1,9.83,-19.17,2,0,0,0,153,82,80,59,132,0.447,20,51,0.392,15,19,0.789,31,95,37,15,12,30,30,2023-2024
26,Boston College,3,2,1,0.667,20.59,18.25,2,1,0,0,192,185,120,75,207,0.362,9,61,0.148,33,54,0.611,51,113,42,35,13,33,53,2023-2024
27,Boston University,2,2,0,1,3.77,-1.73,2,0,0,0,116,105,80,41,102,0.402,14,37,0.378,20,27,0.741,21,71,28,15,10,39,26,2023-2024
28,Bowling Green State,2,1,1,0.5,-18.62,-7.12,1,0,0,1,137,160,80,50,107,0.467,15,32,0.469,22,40,0.55,24,72,33,12,9,42,49,2023-2024
29,Bradley,2,1,1,0.5,-7,-5,1,0,0,1,131,135,80,43,104,0.413,14,42,0.333,31,49,0.633,20,66,21,15,9,37,45,2023-2024
30,Brigham Young,2,2,0,1,9.63,-8.37,1,0,1,0,145,109,80,50,100,0.5,16,37,0.432,29,49,0.592,16,82,26,15,9,38,34,2023-2024
31,Brown,3,1,2,0.333,13.91,23.24,0,1,1,1,157,185,120,57,166,0.343,18,74,0.243,25,41,0.61,34,104,23,23,10,48,52,2023-2024
32,Bryant,2,1,1,0.5,-13.6,-8.6,1,0,0,1,115,125,80,45,94,0.479,12,32,0.375,13,18,0.722,10,54,26,12,8,38,22,2023-2024
33,Bucknell,2,0,2,0,-17.26,16.24,0,0,0,2,104,171,80,32,97,0.33,9,34,0.265,31,45,0.689,17,56,20,14,4,50,32,2023-2024
34,Buffalo,2,1,1,0.5,-14.37,-13.37,1,0,0,1,117,119,80,39,103,0.379,10,37,0.27,29,43,0.674,18,72,21,9,14,35,52,2023-2024
35,Butler,2,1,1,0.5,-10.22,-0.22,1,0,0,1,123,143,80,47,117,0.402,13,52,0.25,16,24,0.667,15,56,22,11,4,28,31,2023-2024
36,Cal Poly,4,1,3,0.25,3.18,9.68,0,0,1,3,242,268,160,86,204,0.422,25,62,0.403,45,59,0.763,47,153,36,25,19,92,80,2023-2024
37,Cal State Bakersfield,2,0,2,0,-12.16,10.84,0,0,0,2,110,156,80,41,131,0.313,14,47,0.298,14,25,0.56,27,79,17,13,6,36,41,2023-2024
38,Cal State Fullerton,2,1,1,0.5,-15.4,-12.4,0,0,1,1,118,124,80,41,120,0.342,6,33,0.182,30,40,0.75,27,72,33,17,4,28,38,2023-2024
39,Cal State Northridge,2,2,0,1,-21.03,-33.03,2,0,0,0,160,136,85,57,146,0.39,14,61,0.23,32,46,0.696,36,82,35,30,10,39,46,2023-2024
40,California,3,3,0,1,22.96,2.29,3,0,0,0,234,172,120,86,189,0.455,26,78,0.333,36,46,0.783,32,101,47,36,15,41,61,2023-2024
41,California Baptist,2,2,0,1,-3.72,-14.72,0,0,2,0,140,118,80,48,109,0.44,16,50,0.32,28,41,0.683,15,79,29,13,3,37,35,2023-2024
42,Campbell,3,2,1,0.667,6.81,12.81,1,0,1,1,225,166,120,85,175,0.486,27,76,0.355,28,47,0.596,32,124,55,18,12,48,47,2023-2024
43,Canisius,2,1,1,0.5,-28.66,-32.16,1,0,0,1,138,131,80,50,117,0.427,14,40,0.35,24,35,0.686,31,76,27,18,8,32,34,2023-2024
44,Central Arkansas,2,1,1,0.5,0,3,1,0,0,1,147,90,80,55,128,0.43,12,40,0.3,25,38,0.658,34,96,21,24,3,32,49,2023-2024
45,Central Connecticut State,3,0,3,0,-26.95,-3.95,0,0,0,3,145,214,120,56,186,0.301,11,62,0.177,22,31,0.71,33,96,28,26,6,50,54,2023-2024
46,Central Florida,2,2,0,1,38,0,2,0,0,0,197,136,80,70,150,0.467,17,39,0.436,40,48,0.833,39,110,34,19,5,35,34,2023-2024
47,Central Michigan,2,0,2,0,-5,7.5,0,0,0,2,117,142,80,43,126,0.341,13,45,0.289,18,30,0.6,29,69,19,17,7,36,35,2023-2024
48,Charleston Southern,2,0,2,0,-9.25,23.75,0,0,0,2,118,184,80,42,128,0.328,11,40,0.275,23,28,0.821,29,83,22,14,4,51,38,2023-2024
49,Charlotte,2,1,1,0.5,17.93,13.93,1,0,0,1,127,119,80,48,134,0.358,10,37,0.27,21,30,0.7,26,82,28,22,11,27,41,2023-2024
50,Chattanooga,3,2,1,0.667,-19.69,-19.69,1,1,1,0,219,163,120,80,152,0.526,23,54,0.426,36,48,0.75,23,91,40,24,8,49,49,2023-2024
51,Chicago State,3,0,3,0,-58.14,-18.14,0,1,0,2,137,257,120,48,157,0.306,10,40,0.25,31,45,0.689,33,98,18,18,11,78,68,2023-2024
52,Cincinnati,1,0,1,0,14.57,32.57,0,1,0,0,59,77,40,20,53,0.377,3,13,0.231,16,22,0.727,8,28,8,7,3,21,25,2023-2024
53,Clemson,3,3,0,1,20.92,-7.09,3,0,0,0,246,162,120,92,189,0.487,18,64,0.281,44,63,0.698,39,121,54,32,2,41,33,2023-2024
54,Cleveland State,2,1,1,0.5,-20.91,-23.41,0,0,1,1,160,155,80,51,109,0.468,12,31,0.387,46,61,0.754,24,74,17,13,5,30,48,2023-2024
55,Coastal Carolina,2,0,2,0,-6.58,31.42,0,0,0,2,95,171,80,33,116,0.284,4,20,0.2,25,47,0.532,37,80,10,16,5,53,28,2023-2024
56,Colgate,2,2,0,1,7.91,-0.59,1,0,1,0,128,111,80,46,102,0.451,1,15,0.067,35,51,0.686,21,65,18,14,10,33,28,2023-2024
57,College of Charleston,2,1,1,0.5,-15.52,9.48,1,0,0,1,177,115,80,66,151,0.437,15,48,0.313,30,39,0.769,32,103,34,17,3,21,28,2023-2024
58,Colorado,3,3,0,1,39.93,11.93,2,0,0,0,275,191,120,102,198,0.515,27,75,0.36,44,65,0.677,41,121,73,43,8,46,58,2023-2024
59,Colorado State,2,2,0,1,9.89,-22.11,2,0,0,0,152,88,80,53,115,0.461,23,57,0.404,23,30,0.767,14,79,33,12,9,10,28,2023-2024
60,Columbia,2,1,1,0.5,14.34,14.84,1,0,0,1,145,146,80,53,128,0.414,15,54,0.278,24,30,0.8,22,71,31,19,4,36,39,2023-2024
61,Connecticut,2,1,1,0.5,53.33,36.83,1,0,0,1,183,150,80,72,149,0.483,17,46,0.37,22,30,0.733,26,78,38,18,6,20,37,2023-2024
62,Coppin State,3,1,2,0.333,-11.59,-17.59,0,2,1,0,193,175,120,75,211,0.355,17,77,0.221,26,42,0.619,47,112,32,29,6,31,33,2023-2024
63,Cornell,3,1,2,0.333,5.79,10.45,0,0,1,2,196,210,120,64,147,0.435,12,32,0.375,56,76,0.737,29,104,38,23,3,76,70,2023-2024
64,Creighton,2,2,0,1,0,-24.5,1,0,0,0,156,107,80,58,134,0.433,16,53,0.302,24,29,0.828,24,82,44,27,8,23,38,2023-2024
65,Dartmouth,2,0,2,0,-29.47,-16.97,0,1,0,1,101,126,80,37,110,0.336,10,30,0.333,17,25,0.68,25,80,20,8,4,33,18,2023-2024
66,Davidson,3,2,1,0.667,12.58,0.58,2,0,0,1,213,177,120,75,176,0.426,23,70,0.329,40,50,0.8,38,94,43,33,13,38,57,2023-2024
67,Dayton,2,1,1,0.5,13.2,26.2,1,0,0,1,149,175,80,55,123,0.447,8,26,0.308,31,41,0.756,24,77,26,10,4,37,44,2023-2024
68,Delaware,1,1,0,1,-5.94,-31.94,1,0,0,0,81,55,40,34,70,0.486,6,23,0.261,7,14,0.5,16,56,17,10,2,22,17,2023-2024
69,Delaware State,3,0,3,0,-57.96,-4.96,0,1,0,2,120,279,120,41,136,0.301,11,48,0.229,27,34,0.794,15,67,11,8,3,69,39,2023-2024
70,Denver,2,1,1,0.5,-13.33,-20.33,0,0,1,1,130,116,80,51,117,0.436,13,50,0.26,15,27,0.556,21,74,27,18,4,35,31,2023-2024
71,DePaul,3,2,1,0.667,26.4,5.07,2,0,0,1,250,186,120,93,205,0.454,21,63,0.333,43,58,0.741,44,135,56,39,12,52,60,2023-2024
72,Detroit Mercy,3,2,1,0.667,-22.26,-41.6,1,0,1,1,212,154,120,81,180,0.45,20,50,0.4,30,54,0.556,51,138,40,30,11,59,47,2023-2024
73,Drake,3,3,0,1,35.36,19.03,2,0,1,0,257,208,120,84,186,0.452,35,86,0.407,54,70,0.771,28,111,59,37,17,58,41,2023-2024
74,Drexel,2,1,1,0.5,-20.16,-35.16,0,1,1,0,114,84,80,45,102,0.441,12,36,0.333,12,16,0.75,21,65,27,5,4,24,26,2023-2024
75,Duke,2,2,0,1,35.39,-2.62,2,0,0,0,171,95,80,67,133,0.504,21,49,0.429,16,22,0.727,39,90,35,25,19,35,35,2023-2024
76,Duquesne,2,1,1,0.5,21.5,24,0,0,1,1,139,144,80,44,110,0.4,20,44,0.455,31,50,0.62,16,74,24,16,4,37,33,2023-2024
77,East Carolina,2,2,0,1,37.06,-13.45,1,0,1,0,173,72,80,58,137,0.423,18,49,0.367,39,54,0.722,38,83,32,52,9,31,38,2023-2024
78,East Tennessee State,2,1,1,0.5,-6.62,-6.62,1,0,0,1,117,117,80,44,118,0.373,11,43,0.256,18,28,0.643,23,69,17,14,4,19,34,2023-2024
79,Eastern Illinois,3,1,2,0.333,-30.41,-15.41,1,0,0,2,190,235,120,74,182,0.407,8,40,0.2,34,47,0.723,33,108,37,14,8,56,50,2023-2024
80,Eastern Kentucky,3,3,0,1,-22.16,-28.66,2,0,1,0,254,190,120,90,216,0.417,16,62,0.258,58,84,0.69,61,132,56,32,5,40,57,2023-2024
81,Eastern Michigan,2,0,2,0,-53.4,-26.4,0,1,0,1,96,150,80,34,130,0.262,6,36,0.167,22,39,0.564,26,70,17,24,12,30,31,2023-2024
82,Eastern Washington,2,2,0,1,-0.64,-23.14,0,0,2,0,161,116,80,63,135,0.467,17,41,0.415,18,23,0.783,28,77,36,19,6,20,33,2023-2024
83,Elon,2,1,1,0.5,3.58,8.58,0,1,1,0,127,137,80,46,110,0.418,12,37,0.324,23,30,0.767,23,75,25,18,4,51,42,2023-2024
84,Evansville,2,0,2,0,-38.49,-24.99,0,1,0,1,141,168,80,49,126,0.389,15,37,0.405,28,41,0.683,18,69,27,11,8,31,33,2023-2024
85,Fairfield,3,2,1,0.667,-3.77,-13.77,1,0,1,1,260,153,120,99,192,0.516,38,97,0.392,24,31,0.774,36,122,61,27,11,52,69,2023-2024
86,Fairleigh Dickinson,2,0,2,0,-9.38,22.62,0,0,0,2,109,173,80,43,116,0.371,13,46,0.283,10,16,0.625,18,60,26,12,3,35,40,2023-2024
87,Florida,3,3,0,1,14.45,-8.55,3,0,0,0,257,188,120,101,206,0.49,21,60,0.35,34,51,0.667,52,123,43,32,10,47,59,2023-2024
88,Florida A&M,3,0,3,0,-18.89,18.45,0,0,0,3,166,278,120,60,172,0.349,20,56,0.357,26,38,0.684,35,89,23,21,5,60,56,2023-2024
89,Florida Atlantic,2,1,1,0.5,-3.51,-4.01,0,0,1,1,146,145,85,51,116,0.44,11,34,0.324,33,52,0.635,29,80,23,12,3,36,40,2023-2024
90,Florida Gulf Coast,2,1,1,0.5,28.36,25.36,0,0,1,1,131,125,80,46,119,0.387,22,64,0.344,17,24,0.708,26,83,26,7,4,35,32,2023-2024
91,Florida International,2,2,0,1,-22.27,-23.27,1,0,1,0,178,94,80,61,156,0.391,16,51,0.314,40,55,0.727,51,127,33,31,9,39,46,2023-2024
92,Florida State,2,2,0,1,19.45,0.95,2,0,0,0,191,154,80,67,153,0.438,23,54,0.426,34,43,0.791,28,69,31,20,8,20,32,2023-2024
93,Fordham,3,2,1,0.667,2.27,20.27,2,0,0,1,175,184,120,69,184,0.375,13,58,0.224,24,36,0.667,42,116,29,36,10,61,32,2023-2024
94,Fresno State,2,2,0,1,NA,NA,2,0,0,0,170,89,80,62,133,0.466,13,33,0.394,33,38,0.868,35,100,22,27,4,37,23,2023-2024
95,Furman,2,1,1,0.5,-8.75,3.75,1,0,0,1,127,152,80,46,122,0.377,8,34,0.235,27,43,0.628,29,87,29,8,6,33,32,2023-2024
96,Gardner-Webb,2,0,2,0,-25.79,11.22,0,1,0,1,118,192,80,42,113,0.372,12,47,0.255,22,28,0.786,24,67,14,11,4,59,45,2023-2024
97,George Mason,3,3,0,1,-10.06,-16.06,2,0,1,0,257,194,120,90,208,0.433,18,60,0.3,59,94,0.628,53,146,49,36,5,43,65,2023-2024
98,George Washington,2,2,0,1,-2.95,-8.95,1,0,1,0,119,107,80,40,117,0.342,16,54,0.296,23,35,0.657,33,89,24,7,6,30,39,2023-2024
99,Georgetown,3,2,1,0.667,16.63,5.97,1,1,1,0,172,140,120,72,167,0.431,11,37,0.297,17,25,0.68,36,118,46,16,14,45,51,2023-2024
100,Georgia,3,2,1,0.667,-9.2,-13.2,2,0,0,1,206,194,120,73,192,0.38,10,42,0.238,50,76,0.658,44,131,42,24,15,40,65,2023-2024
101,Georgia Southern,3,2,1,0.667,-33.56,-32.56,2,0,0,1,244,192,120,90,237,0.38,15,55,0.273,49,79,0.62,75,188,44,33,20,58,59,2023-2024
102,Georgia State,2,2,0,1,14.57,1.57,2,0,0,0,149,99,80,49,124,0.395,15,46,0.326,36,54,0.667,32,85,31,32,7,33,32,2023-2024
103,Georgia Tech,2,2,0,1,21.8,-10.7,2,0,0,0,174,109,80,71,137,0.518,14,43,0.326,18,23,0.783,19,84,46,16,5,26,40,2023-2024
104,Gonzaga,3,2,1,0.667,15.87,6.2,1,0,1,1,246,217,125,85,186,0.457,27,64,0.422,49,58,0.845,39,114,47,20,12,46,62,2023-2024
105,Grambling,3,1,2,0.333,-22.9,1.6,1,0,0,2,210,214,120,70,223,0.314,13,62,0.21,57,85,0.671,68,141,31,45,4,68,82,2023-2024
106,Grand Canyon,2,2,0,1,1.83,-5.67,1,0,1,0,128,113,80,46,111,0.414,18,42,0.429,18,26,0.692,25,65,28,16,5,34,28,2023-2024
107,Green Bay,2,1,1,0.5,15.8,8.3,1,0,0,1,155,140,80,59,123,0.48,14,49,0.286,23,28,0.821,26,71,38,11,5,20,39,2023-2024
108,Hampton,1,0,1,0,-18.99,11.01,0,0,0,1,46,76,40,17,59,0.288,4,13,0.308,8,12,0.667,11,24,5,10,3,19,20,2023-2024
109,Harvard,3,2,1,0.667,30.43,21.1,1,0,1,1,226,198,120,84,205,0.41,22,76,0.289,36,48,0.75,52,130,42,25,9,46,53,2023-2024
110,Hawaii,2,0,2,0,2.34,31.34,0,0,0,2,91,149,80,29,98,0.296,11,34,0.324,22,32,0.688,8,45,22,11,3,33,42,2023-2024
111,High Point,2,1,1,0.5,9.85,48.85,1,0,0,1,154,141,80,53,119,0.445,17,45,0.378,31,38,0.816,14,61,29,14,2,23,37,2023-2024
112,Hofstra,2,1,1,0.5,-28.48,-15.98,1,0,0,1,95,120,85,35,115,0.304,7,31,0.226,18,35,0.514,28,80,16,19,8,33,36,2023-2024
113,Holy Cross,3,2,1,0.667,13.58,9.25,2,0,0,1,174,161,120,66,185,0.357,11,50,0.22,31,41,0.756,48,149,46,13,12,48,47,2023-2024
114,Houston,1,1,0,1,26.67,-11.33,1,0,0,0,99,61,40,35,71,0.493,10,23,0.435,19,27,0.704,17,45,15,17,5,17,25,2023-2024
115,Houston Christian,2,0,2,0,-32.52,-15.52,0,0,0,2,103,137,80,39,118,0.331,8,35,0.229,17,26,0.654,27,85,18,11,4,53,48,2023-2024
116,Howard,3,1,2,0.333,-13.91,-15.58,1,0,0,2,167,162,120,56,168,0.333,10,50,0.2,45,62,0.726,36,111,26,31,15,42,57,2023-2024
117,Idaho,2,1,1,0.5,-5.4,4.6,1,1,0,0,147,115,80,49,127,0.386,17,44,0.386,32,43,0.744,30,80,28,16,5,22,27,2023-2024
118,Idaho State,2,1,1,0.5,3.54,20.54,1,0,0,1,144,122,80,53,137,0.387,7,23,0.304,31,50,0.62,40,101,26,18,8,36,42,2023-2024
119,Illinois,2,1,1,0.5,9.84,1.84,1,0,0,1,148,132,80,57,111,0.514,8,24,0.333,26,36,0.722,19,56,27,15,6,28,28,2023-2024
120,Illinois State,2,1,1,0.5,-4.15,-14.15,0,0,1,1,167,147,80,62,121,0.512,14,37,0.378,29,36,0.806,25,74,22,11,3,25,37,2023-2024
121,Illinois-Chicago,3,2,1,0.667,-15.85,-20.19,0,0,2,1,226,213,125,87,202,0.431,17,46,0.37,35,64,0.547,45,110,53,42,7,51,48,2023-2024
122,Incarnate Word,2,1,1,0.5,-5.86,1.15,1,1,0,0,120,99,80,41,114,0.36,11,58,0.19,27,47,0.574,32,74,22,15,4,20,31,2023-2024
123,Indiana,2,1,1,0.5,21.56,11.06,1,0,0,1,160,139,80,65,129,0.504,13,54,0.241,17,27,0.63,14,65,36,17,6,25,33,2023-2024
124,Indiana State,2,1,1,0.5,-24.87,-5.87,0,0,1,1,142,180,85,48,128,0.375,6,33,0.182,40,52,0.769,32,79,21,31,4,45,49,2023-2024
125,Iona,2,1,1,0.5,-25.91,-14.91,1,0,0,1,112,134,80,42,96,0.438,17,38,0.447,11,15,0.733,12,54,34,9,6,44,34,2023-2024
126,Iowa,3,3,0,1,53.78,20.11,1,0,1,0,276,175,120,99,201,0.493,23,81,0.284,55,72,0.764,35,146,61,25,7,36,50,2023-2024
127,Iowa State,2,1,1,0.5,18.81,11.31,1,0,0,1,155,140,80,57,123,0.463,17,44,0.386,24,33,0.727,24,80,34,10,8,30,30,2023-2024
128,IUPUI,2,1,1,0.5,-21.5,1,1,0,0,1,135,180,80,47,126,0.373,14,41,0.341,27,46,0.587,34,78,27,11,7,44,39,2023-2024
129,Jackson State,1,1,0,1,NA,NA,1,0,0,0,113,39,40,39,72,0.542,12,25,0.48,23,36,0.639,19,55,18,15,6,19,20,2023-2024
130,Jacksonville,2,1,1,0.5,12.25,40.25,1,0,0,1,119,128,80,46,112,0.411,7,31,0.226,20,29,0.69,24,75,22,23,6,49,35,2023-2024
131,Jacksonville State,3,0,3,0,-0.12,27.54,0,0,0,3,152,235,120,56,187,0.299,21,84,0.25,19,32,0.594,35,99,27,20,7,44,46,2023-2024
132,James Madison,3,2,1,0.667,-15.67,-23.67,1,1,1,0,234,145,120,89,196,0.454,9,52,0.173,47,62,0.758,45,158,39,24,13,46,44,2023-2024
133,Kansas,2,1,1,0.5,27.6,9.6,1,0,0,1,173,137,80,59,124,0.476,22,47,0.468,33,45,0.733,23,80,37,18,9,23,42,2023-2024
134,Kansas City,2,1,1,0.5,5,2.5,1,0,0,1,133,128,80,47,117,0.402,9,31,0.29,30,51,0.588,30,87,24,10,9,35,55,2023-2024
135,Kansas State,2,2,0,1,15.26,-20.74,1,0,1,0,146,74,80,54,120,0.45,10,40,0.25,28,38,0.737,26,83,35,23,16,21,27,2023-2024
136,Kennesaw State,2,1,1,0.5,-51.55,-4.55,1,0,0,1,113,143,80,46,119,0.387,3,26,0.115,18,35,0.514,32,82,20,13,8,44,41,2023-2024
137,Kent State,1,1,0,1,26.13,17.13,0,0,1,0,64,55,40,21,56,0.375,5,22,0.227,17,23,0.739,11,42,9,5,3,12,18,2023-2024
138,Kentucky,2,2,0,1,1.05,-16.95,2,0,0,0,156,120,80,57,124,0.46,4,33,0.121,38,58,0.655,27,80,25,11,6,22,30,2023-2024
139,La Salle,3,2,1,0.667,-4.83,-6.16,1,1,1,0,183,179,120,70,191,0.366,19,75,0.253,24,35,0.686,44,130,35,32,12,69,57,2023-2024
140,Lafayette,2,0,2,0,-13.92,7.08,0,0,0,2,84,126,80,32,96,0.333,13,46,0.283,7,15,0.467,11,58,22,11,3,36,31,2023-2024
141,Lamar,3,2,1,0.667,7.96,7.96,1,0,1,1,226,152,120,79,167,0.473,12,38,0.316,56,75,0.747,36,112,38,36,9,43,55,2023-2024
142,Le Moyne,4,0,4,0,-12.04,25.72,0,1,0,3,190,341,160,67,217,0.309,17,76,0.224,39,49,0.796,40,122,36,24,10,72,59,2023-2024
143,Lehigh,2,2,0,1,-6.93,-18.93,1,0,1,0,140,92,80,52,128,0.406,12,49,0.245,24,34,0.706,25,90,33,24,19,35,24,2023-2024
144,Liberty,3,2,1,0.667,-2.39,5.11,1,0,1,1,209,202,125,78,177,0.441,19,52,0.365,34,51,0.667,49,137,44,21,14,72,62,2023-2024
145,Lindenwood,2,0,2,0,-2.03,11.47,0,1,0,1,153,180,80,49,117,0.419,14,41,0.341,41,63,0.651,15,56,18,10,2,29,48,2023-2024
146,Lipscomb,2,1,1,0.5,-20.83,-18.83,0,1,1,0,143,147,80,52,135,0.385,12,39,0.308,27,39,0.692,30,84,18,15,8,28,29,2023-2024
147,Little Rock,2,0,2,0,-13.97,7.53,0,2,0,0,86,129,80,29,96,0.302,3,16,0.188,25,35,0.714,13,54,10,11,2,30,38,2023-2024
148,Long Beach State,2,2,0,1,18.9,-3.1,2,0,0,0,161,119,80,59,122,0.484,9,35,0.257,34,47,0.723,26,98,33,19,6,53,40,2023-2024
149,Long Island University,3,0,3,0,-42.47,-11.47,0,0,0,3,160,253,120,58,167,0.347,14,54,0.259,30,48,0.625,37,91,35,35,8,63,54,2023-2024
150,Longwood,3,1,2,0.333,-26.34,-6.84,1,0,0,2,211,221,120,75,208,0.361,20,54,0.37,41,60,0.683,45,127,31,48,7,57,49,2023-2024
151,Louisiana,3,1,2,0.333,23.19,30.69,1,1,0,1,184,169,120,65,175,0.371,9,42,0.214,45,65,0.692,36,115,24,25,4,44,56,2023-2024
152,Louisiana State,3,2,1,0.667,22.88,-12.13,2,0,0,0,299,194,120,107,198,0.54,14,42,0.333,71,103,0.689,43,147,54,27,23,51,46,2023-2024
153,Louisiana Tech,2,2,0,1,NA,NA,2,0,0,0,181,89,80,67,135,0.496,22,61,0.361,25,40,0.625,33,92,42,31,4,27,40,2023-2024
154,Louisiana-Monroe,2,1,1,0.5,5,-0.5,1,0,0,1,154,143,80,57,140,0.407,22,60,0.367,18,26,0.692,26,86,29,13,3,29,43,2023-2024
155,Louisville,2,2,0,1,39.77,27.27,1,0,1,0,158,133,80,50,119,0.42,7,34,0.206,51,63,0.81,25,82,20,17,3,28,38,2023-2024
156,Loyola (IL),3,1,2,0.333,-31.72,-32.72,0,2,1,0,191,188,120,66,181,0.365,25,69,0.362,34,48,0.708,39,97,48,31,9,51,74,2023-2024
157,Loyola (MD),2,1,1,0.5,-20.8,-5.3,1,0,0,1,116,147,80,47,100,0.47,8,27,0.296,14,22,0.636,14,50,17,19,2,41,38,2023-2024
158,Loyola Marymount,2,0,2,0,-0.27,12.73,0,1,0,1,116,142,80,45,116,0.388,8,32,0.25,18,31,0.581,27,81,14,10,4,42,42,2023-2024
159,Maine,3,2,1,0.667,-3.53,-9.53,1,0,1,1,184,166,120,75,191,0.393,18,74,0.243,16,24,0.667,48,129,44,19,8,46,41,2023-2024
160,Manhattan,2,1,1,0.5,-14.05,-19.55,1,1,0,0,101,90,80,35,107,0.327,9,39,0.231,22,29,0.759,26,75,25,13,14,36,26,2023-2024
161,Marist,2,1,1,0.5,0.38,7.88,1,0,0,1,127,142,80,41,102,0.402,10,29,0.345,35,40,0.875,21,85,32,14,10,49,33,2023-2024
162,Marquette,2,2,0,1,20.93,2.43,2,0,0,0,155,118,80,58,114,0.509,14,37,0.378,25,30,0.833,17,65,44,17,12,40,35,2023-2024
163,Marshall,2,1,1,0.5,-14.47,-13.47,0,0,1,1,156,158,80,51,129,0.395,12,53,0.226,42,58,0.724,25,73,17,18,5,37,56,2023-2024
164,Maryland,2,1,1,0.5,54.69,62.19,1,0,0,1,174,189,80,66,138,0.478,19,41,0.463,23,32,0.719,26,80,38,14,5,33,38,2023-2024
165,Maryland-Baltimore County,3,1,2,0.333,10.79,15.79,1,1,0,1,213,216,140,81,191,0.424,11,33,0.333,40,58,0.69,36,123,32,24,6,69,59,2023-2024
166,Maryland-Eastern Shore,3,1,2,0.333,8.64,26.14,1,0,0,2,193,208,120,70,198,0.354,21,67,0.313,32,46,0.696,44,116,31,22,10,46,46,2023-2024
167,Massachusetts,3,1,2,0.333,-11.05,-6.71,1,0,0,2,178,191,120,64,173,0.37,20,60,0.333,30,50,0.6,34,103,36,20,6,52,56,2023-2024
168,Massachusetts-Lowell,3,0,3,0,7.66,24.99,0,0,0,3,137,189,120,56,161,0.348,13,41,0.317,12,24,0.5,28,100,29,22,8,60,50,2023-2024
169,McNeese State,2,1,1,0.5,0,15,1,1,0,0,146,132,80,48,121,0.397,12,45,0.267,38,65,0.585,26,92,29,26,5,44,34,2023-2024
170,Memphis,3,1,2,0.333,6.66,2,1,0,0,2,216,202,125,85,228,0.373,18,61,0.295,28,47,0.596,60,134,31,36,12,54,71,2023-2024
171,Mercer,3,1,2,0.333,5.12,12.45,1,0,0,2,200,222,120,75,192,0.391,16,50,0.32,34,49,0.694,49,125,36,22,6,56,64,2023-2024
172,Merrimack,3,0,3,0,-0.74,5.93,0,1,0,2,147,167,125,53,179,0.296,11,48,0.229,30,49,0.612,44,108,24,32,15,47,58,2023-2024
173,Miami (FL),2,2,0,1,37.29,3.79,2,0,0,0,159,92,80,65,130,0.5,21,55,0.382,8,13,0.615,25,75,35,32,5,36,25,2023-2024
174,Miami (OH),2,0,2,0,-14.33,-0.33,0,0,0,2,110,138,80,42,103,0.408,8,35,0.229,18,26,0.692,20,53,24,10,2,25,32,2023-2024
175,Michigan,1,1,0,1,0,-19,1,0,0,0,80,61,40,33,71,0.465,6,20,0.3,8,10,0.8,19,44,15,6,6,13,14,2023-2024
176,Michigan State,2,2,0,1,19.6,-14.9,2,0,0,0,186,117,80,70,135,0.519,21,48,0.438,25,38,0.658,32,88,48,24,11,30,31,2023-2024
177,Middle Tennessee,3,2,1,0.667,27.22,7.22,2,1,0,0,220,160,120,73,163,0.448,22,72,0.306,52,64,0.813,26,111,39,25,15,36,46,2023-2024
178,Milwaukee,2,0,2,0,-16.15,-9.15,0,1,0,1,121,135,80,42,106,0.396,17,46,0.37,20,26,0.769,24,73,27,19,5,52,45,2023-2024
179,Minnesota,2,2,0,1,-3.75,-50.25,2,0,0,0,192,99,80,72,129,0.558,16,47,0.34,32,45,0.711,29,88,40,28,2,35,26,2023-2024
180,Mississippi,2,1,1,0.5,14.18,-4.32,1,1,0,0,161,124,80,57,139,0.41,11,41,0.268,36,64,0.563,41,100,34,19,11,26,39,2023-2024
181,Mississippi State,3,3,0,1,31.25,-0.42,3,0,0,0,228,133,120,81,186,0.435,13,56,0.232,53,68,0.779,51,156,50,31,18,46,26,2023-2024
182,Mississippi Valley State,2,0,2,0,-32.14,28.36,0,0,0,2,92,213,80,36,124,0.29,5,29,0.172,15,29,0.517,23,55,14,20,3,55,62,2023-2024
183,Missouri,3,2,1,0.667,20.05,5.39,2,0,0,1,255,211,120,96,194,0.495,32,78,0.41,31,40,0.775,27,129,54,27,6,60,72,2023-2024
184,Missouri State,1,1,0,1,-17.88,-22.88,0,0,1,0,52,47,40,17,46,0.37,6,21,0.286,12,24,0.5,16,42,10,6,1,20,17,2023-2024
185,Monmouth,2,1,1,0.5,0.14,0.14,1,0,0,1,125,125,80,43,109,0.394,9,35,0.257,30,42,0.714,21,78,21,8,17,34,31,2023-2024
186,Montana,1,0,1,0,4.37,17.37,0,1,0,0,70,83,40,24,58,0.414,10,26,0.385,12,15,0.8,11,33,12,7,3,14,18,2023-2024
187,Montana State,2,0,2,0,5.08,15.58,0,1,0,1,122,143,80,36,122,0.295,10,41,0.244,40,49,0.816,22,73,26,20,6,24,41,2023-2024
188,Morehead State,2,0,2,0,-11.26,19.24,0,0,0,2,105,166,80,39,106,0.368,10,45,0.222,17,27,0.63,26,61,21,14,2,43,45,2023-2024
189,Morgan State,1,0,1,0,-17.62,-9.62,0,1,0,0,55,63,40,19,50,0.38,4,19,0.211,13,16,0.813,10,27,6,10,4,18,17,2023-2024
190,Mount St. Mary's,1,0,1,0,-27.48,-8.48,0,0,0,1,39,58,40,15,42,0.357,5,18,0.278,4,7,0.571,5,32,11,3,1,23,12,2023-2024
191,Murray State,1,0,1,0,6.99,9.99,0,0,0,1,79,82,40,30,79,0.38,11,32,0.344,8,12,0.667,15,48,13,11,4,16,21,2023-2024
192,Navy,2,1,1,0.5,-33.37,29.63,1,0,0,1,122,144,80,48,143,0.336,15,51,0.294,11,22,0.5,31,89,29,21,8,45,46,2023-2024
193,NC State,2,2,0,1,63.47,37.47,2,0,0,0,176,124,80,56,125,0.448,17,48,0.354,47,58,0.81,29,100,29,9,16,25,30,2023-2024
194,Nebraska,2,2,0,1,33.76,0.26,1,0,1,0,161,94,80,52,113,0.46,13,49,0.265,44,56,0.786,18,91,35,17,8,29,45,2023-2024
195,Nevada,2,1,1,0.5,-9.51,-6.51,1,0,0,1,126,132,80,48,147,0.327,7,43,0.163,23,33,0.697,33,74,19,40,9,28,38,2023-2024
196,Nevada-Las Vegas,2,2,0,1,6.1,-11.4,1,0,1,0,157,122,80,56,144,0.389,19,63,0.302,26,34,0.765,31,90,30,17,6,24,31,2023-2024
197,New Hampshire,3,2,1,0.667,-0.12,0.38,2,0,0,1,179,146,120,61,179,0.341,17,64,0.266,40,46,0.87,42,110,37,35,7,51,56,2023-2024
198,New Mexico,3,3,0,1,17.72,6.06,2,0,1,0,197,162,120,75,187,0.401,19,64,0.297,28,36,0.778,37,133,39,23,7,46,40,2023-2024
199,New Mexico State,3,1,2,0.333,2.65,4.99,0,1,1,1,171,178,120,63,156,0.404,17,41,0.415,28,49,0.571,22,88,32,24,1,53,57,2023-2024
200,New Orleans,2,0,2,0,-2.83,13.67,0,0,0,2,127,160,80,43,130,0.331,8,29,0.276,33,40,0.825,22,71,13,19,5,32,44,2023-2024
201,Niagara,2,1,1,0.5,13.62,3.12,1,1,0,0,154,133,80,57,144,0.396,20,43,0.465,20,34,0.588,29,69,25,26,7,33,50,2023-2024
202,Nicholls State,3,3,0,1,9.98,-12.52,2,0,1,0,245,183,120,98,201,0.488,16,56,0.286,33,47,0.702,38,124,57,34,5,46,49,2023-2024
203,NJIT,3,2,1,0.667,5.04,14.37,1,1,1,0,178,206,125,66,170,0.388,13,44,0.295,33,45,0.733,40,117,23,21,22,74,58,2023-2024
204,Norfolk State,3,3,0,1,-16.53,-25.86,0,0,3,0,187,159,120,64,161,0.398,17,50,0.34,42,52,0.808,44,110,38,30,4,43,54,2023-2024
205,North Alabama,2,1,1,0.5,-12,4,1,1,0,0,141,114,80,47,115,0.409,15,45,0.333,32,41,0.78,26,78,26,15,5,40,33,2023-2024
206,North Carolina,2,2,0,1,24.99,-3.51,2,0,0,0,176,119,80,63,140,0.45,15,48,0.313,35,51,0.686,37,86,35,20,11,21,29,2023-2024
207,North Carolina A&T,2,1,1,0.5,-22.56,-10.56,1,0,0,1,173,112,80,62,135,0.459,17,54,0.315,32,45,0.711,23,90,41,19,6,24,27,2023-2024
208,North Carolina Central,1,0,1,0,-45.1,28.9,0,0,0,1,39,113,40,14,64,0.219,4,22,0.182,7,18,0.389,10,28,5,1,2,19,19,2023-2024
209,North Dakota,2,0,2,0,-9.69,4.81,0,1,0,1,121,150,80,48,119,0.403,9,35,0.257,16,25,0.64,13,61,21,13,5,23,35,2023-2024
210,North Dakota State,2,1,1,0.5,1.5,24.5,1,0,0,0,164,134,80,52,128,0.406,16,41,0.39,44,59,0.746,31,82,32,23,6,36,44,2023-2024
211,North Florida,3,1,2,0.333,-5.22,7.79,1,1,0,1,256,210,125,102,229,0.445,26,89,0.292,26,40,0.65,55,134,54,31,6,51,58,2023-2024
212,North Texas,3,2,1,0.667,3.54,1.54,2,0,0,1,255,176,120,80,170,0.471,15,55,0.273,80,116,0.69,32,132,44,38,11,63,59,2023-2024
213,Northeastern,3,2,1,0.667,-4.29,-6.63,1,0,1,1,209,202,120,75,158,0.475,18,43,0.419,41,64,0.641,31,110,39,18,4,69,55,2023-2024
214,Northern Arizona,2,0,2,0,-4.03,23.97,0,0,0,2,112,168,80,44,127,0.346,14,56,0.25,10,16,0.625,27,65,23,16,6,41,41,2023-2024
215,Northern Colorado,1,1,0,1,NA,NA,1,0,0,0,86,56,40,30,64,0.469,14,29,0.483,12,28,0.429,23,54,20,16,5,20,8,2023-2024
216,Northern Illinois,2,0,2,0,-49.1,-26.1,0,0,0,2,124,170,80,45,128,0.352,16,67,0.239,18,23,0.783,20,68,26,8,0,34,35,2023-2024
217,Northern Iowa,2,1,1,0.5,18.47,33.47,1,1,0,0,131,161,80,43,123,0.35,13,46,0.283,32,49,0.653,22,64,22,15,6,24,41,2023-2024
218,Northern Kentucky,2,0,2,0,-28.59,-21.59,0,1,0,1,157,171,85,52,115,0.452,14,37,0.378,39,56,0.696,16,66,27,11,3,39,44,2023-2024
219,Northwestern,2,2,0,1,-18.01,-30.01,2,0,0,0,179,155,85,71,147,0.483,13,34,0.382,24,27,0.889,34,100,57,14,10,37,38,2023-2024
220,Northwestern State,3,0,3,0,-8.94,25.06,0,0,0,3,141,243,120,44,166,0.265,17,57,0.298,36,48,0.75,32,106,15,11,7,57,62,2023-2024
221,Notre Dame,2,1,1,0.5,57.28,48.28,0,0,1,0,175,157,80,64,142,0.451,9,30,0.3,38,47,0.809,37,84,32,28,11,32,37,2023-2024
222,Oakland,2,1,1,0.5,5,15.5,0,0,1,1,153,174,90,53,131,0.405,12,36,0.333,35,54,0.648,28,80,24,21,3,41,41,2023-2024
223,Ohio,1,0,1,0,-11.23,-4.23,0,0,0,1,64,71,40,24,55,0.436,7,18,0.389,9,17,0.529,5,35,12,16,6,33,29,2023-2024
224,Ohio State,2,1,1,0.5,29.22,8.72,1,0,0,0,182,141,80,59,125,0.472,10,37,0.27,54,65,0.831,20,66,30,21,5,22,43,2023-2024
225,Oklahoma,3,3,0,1,32.04,11.04,2,0,1,0,275,212,120,102,201,0.507,23,67,0.343,48,68,0.706,46,147,71,27,14,66,57,2023-2024
226,Oklahoma State,3,2,1,0.667,14.29,1.63,2,0,0,1,249,211,120,94,191,0.492,25,68,0.368,36,47,0.766,28,95,47,25,10,40,51,2023-2024
227,Old Dominion,2,2,0,1,-8.3,-19.3,2,0,0,0,131,98,80,42,127,0.331,12,41,0.293,35,58,0.603,41,98,24,25,5,30,34,2023-2024
228,Omaha,3,1,2,0.333,-41.65,-9.65,1,1,0,1,217,251,120,76,198,0.384,22,73,0.301,43,54,0.796,37,97,42,30,2,49,44,2023-2024
229,Oral Roberts,3,1,2,0.333,-3.48,21.02,1,0,0,2,230,226,120,87,234,0.372,15,66,0.227,41,55,0.745,59,136,39,30,7,40,45,2023-2024
230,Oregon,2,2,0,1,27.96,-1.54,2,0,0,0,167,108,80,58,121,0.479,16,42,0.381,35,47,0.745,27,94,36,20,9,35,31,2023-2024
231,Oregon State,2,2,0,1,18.5,9.5,2,0,0,0,148,130,80,57,133,0.429,12,40,0.3,22,41,0.537,33,103,33,7,7,20,29,2023-2024
232,Pacific,2,2,0,1,4.85,-9.65,2,0,0,0,140,111,80,52,120,0.433,10,34,0.294,26,34,0.765,18,84,40,16,10,36,36,2023-2024
233,Penn State,3,3,0,1,31.44,-5.89,3,0,0,0,292,180,120,108,202,0.535,33,75,0.44,43,60,0.717,34,134,68,31,19,51,51,2023-2024
234,Pennsylvania,1,1,0,1,25.04,2.04,1,0,0,0,74,51,40,26,70,0.371,8,38,0.211,14,17,0.824,15,36,20,16,2,10,11,2023-2024
235,Pepperdine,3,2,1,0.667,16.5,18.5,2,1,0,0,190,157,120,77,171,0.45,19,48,0.396,17,25,0.68,37,129,49,21,8,58,46,2023-2024
236,Pittsburgh,2,1,1,0.5,9.18,11.18,1,1,0,0,141,145,80,53,127,0.417,6,29,0.207,29,42,0.69,36,87,28,16,8,39,37,2023-2024
237,Portland,2,1,1,0.5,-4.32,-0.32,1,1,0,0,114,122,80,43,107,0.402,11,29,0.379,17,27,0.63,23,68,27,14,13,43,36,2023-2024
238,Portland State,2,1,1,0.5,-10,-0.5,0,0,1,1,114,133,80,39,106,0.368,10,44,0.227,26,39,0.667,19,64,24,20,5,36,27,2023-2024
239,Prairie View,2,2,0,1,0,-15,1,0,1,0,187,132,80,72,136,0.529,6,17,0.353,37,58,0.638,30,86,41,28,8,35,54,2023-2024
240,Presbyterian,3,1,2,0.333,-10.3,16.2,1,0,0,2,152,169,120,59,165,0.358,13,61,0.213,21,33,0.636,38,118,38,13,4,59,53,2023-2024
241,Princeton,2,2,0,1,28.34,21.84,1,0,1,0,130,117,80,48,128,0.375,14,41,0.341,20,28,0.714,34,88,24,9,10,25,38,2023-2024
242,Providence,2,2,0,1,7.67,-12.33,2,0,0,0,133,93,80,45,103,0.437,9,26,0.346,34,40,0.85,19,80,29,22,14,36,25,2023-2024
243,Purdue,2,1,1,0.5,-11.71,1.29,1,0,0,1,116,142,80,37,101,0.366,10,41,0.244,32,40,0.8,15,66,27,13,4,40,29,2023-2024
244,Purdue Fort Wayne,2,1,1,0.5,0,19,1,0,0,1,185,121,80,72,145,0.497,20,48,0.417,21,33,0.636,31,84,38,21,6,23,30,2023-2024
245,Queens (NC),2,0,2,0,-27.15,24.85,0,0,0,2,99,203,80,38,120,0.317,13,35,0.371,10,18,0.556,12,49,15,10,1,41,46,2023-2024
246,Quinnipiac,2,1,1,0.5,2.95,18.45,1,0,0,1,111,142,80,41,106,0.387,9,35,0.257,20,32,0.625,13,57,25,8,6,28,21,2023-2024
247,Radford,3,2,1,0.667,-37.47,-34.47,1,1,1,0,190,172,120,70,169,0.414,19,62,0.306,31,47,0.66,39,109,31,15,5,46,43,2023-2024
248,Rhode Island,2,2,0,1,41.8,-3.7,2,0,0,0,169,78,80,69,140,0.493,9,38,0.237,22,34,0.647,31,79,40,31,12,14,29,2023-2024
249,Rice,3,2,1,0.667,-7.28,-13.28,1,0,1,1,181,163,120,60,176,0.341,16,61,0.262,45,66,0.682,45,128,30,20,9,50,59,2023-2024
250,Richmond,2,1,1,0.5,6.74,-8.76,1,0,0,1,158,127,80,61,126,0.484,21,52,0.404,15,26,0.577,18,58,38,20,8,28,25,2023-2024
251,Rider,2,1,1,0.5,7.86,11.86,1,0,0,1,110,118,80,39,98,0.398,13,34,0.382,19,23,0.826,11,57,24,11,7,34,34,2023-2024
252,Robert Morris,2,1,1,0.5,-32.11,-28.61,0,0,1,1,113,120,80,40,105,0.381,7,46,0.152,26,36,0.722,16,66,14,10,12,36,34,2023-2024
253,Rutgers,3,2,1,0.667,9.36,0.03,2,1,0,0,198,170,120,65,177,0.367,14,48,0.292,54,79,0.684,52,148,35,33,16,62,64,2023-2024
254,Sacramento State,3,0,3,0,-19.46,5.2,0,1,0,2,132,206,120,46,149,0.309,12,50,0.24,28,41,0.683,34,102,25,14,11,68,42,2023-2024
255,Sacred Heart,2,1,1,0.5,-3.66,17.84,0,0,1,1,103,146,80,36,99,0.364,9,33,0.273,22,35,0.629,24,69,17,9,0,44,37,2023-2024
256,Saint Francis (PA),3,0,3,0,-40.31,-19.31,0,2,0,1,146,209,120,59,170,0.347,17,47,0.362,11,21,0.524,40,104,34,19,4,55,53,2023-2024
257,Saint Joseph's,2,2,0,1,29.64,8.14,1,0,1,0,137,94,80,47,108,0.435,9,26,0.346,34,41,0.829,23,80,24,11,9,27,25,2023-2024
258,Saint Louis,2,1,1,0.5,24.29,26.29,1,1,0,0,159,163,80,56,134,0.418,15,34,0.441,32,41,0.78,18,73,32,20,7,37,31,2023-2024
259,Saint Mary's (CA),2,1,1,0.5,-7.83,-7.83,1,0,0,1,113,113,85,43,96,0.448,11,36,0.306,16,23,0.696,17,69,20,16,5,44,41,2023-2024
260,Saint Peter's,2,1,1,0.5,-27.68,-23.68,1,0,0,1,105,113,80,39,109,0.358,4,34,0.118,23,36,0.639,25,86,21,17,8,49,32,2023-2024
261,Sam Houston,1,1,0,1,-36.94,-38.94,1,0,0,0,67,65,40,24,80,0.3,3,14,0.214,16,24,0.667,20,43,10,18,3,10,14,2023-2024
262,Samford,2,2,0,1,0,-3,2,0,0,0,143,113,80,44,91,0.484,13,26,0.5,42,60,0.7,9,65,28,15,9,26,26,2023-2024
263,San Diego,2,2,0,1,12.85,-15.15,2,0,0,0,163,81,80,68,128,0.531,5,15,0.333,22,34,0.647,31,94,48,25,13,37,37,2023-2024
264,San Diego State,3,1,2,0.333,-10.23,-5.89,1,1,0,1,203,216,120,68,170,0.4,15,45,0.333,52,65,0.8,23,100,33,30,13,47,51,2023-2024
265,San Francisco,3,1,2,0.333,10.01,20.01,1,0,0,2,236,234,120,81,191,0.424,26,74,0.351,48,64,0.75,30,121,60,22,6,59,54,2023-2024
266,San Jose State,3,2,1,0.667,5.15,0.82,2,1,0,0,189,176,120,68,164,0.415,11,40,0.275,42,62,0.677,38,106,34,35,7,67,71,2023-2024
267,Santa Clara,3,2,1,0.667,10.03,8.69,1,0,1,1,173,169,120,62,162,0.383,10,40,0.25,39,48,0.813,35,101,24,24,4,51,54,2023-2024
268,Seattle,2,0,2,0,-20.32,-0.32,0,0,0,2,115,155,85,39,112,0.348,8,42,0.19,29,38,0.763,29,83,23,30,6,60,43,2023-2024
269,Seton Hall,3,2,1,0.667,11.91,-8.09,2,0,0,1,209,149,120,82,173,0.474,14,46,0.304,31,40,0.775,27,93,40,39,7,44,46,2023-2024
270,Siena,2,2,0,1,-19.9,-27.9,0,0,2,0,129,113,80,52,136,0.382,17,52,0.327,8,12,0.667,29,88,27,15,4,28,41,2023-2024
271,South Alabama,2,2,0,1,12,-10,2,0,0,0,151,116,80,53,111,0.477,10,22,0.455,35,47,0.745,27,89,25,17,11,46,45,2023-2024
272,South Carolina,2,2,0,1,85.5,52,1,0,0,0,214,147,80,86,162,0.531,17,40,0.425,25,38,0.658,35,100,59,21,22,24,38,2023-2024
273,South Carolina State,2,0,2,0,-31.13,14.38,0,0,0,2,78,169,80,27,91,0.297,5,22,0.227,19,25,0.76,15,59,14,13,9,44,24,2023-2024
274,South Carolina Upstate,3,0,3,0,-25.14,19.2,0,0,0,3,140,273,120,53,144,0.368,15,48,0.313,19,35,0.543,30,93,31,13,6,96,63,2023-2024
275,South Dakota,2,1,1,0.5,-1.5,24.5,1,0,0,1,140,138,80,50,117,0.427,9,36,0.25,31,44,0.705,17,74,28,16,2,28,22,2023-2024
276,South Dakota State,1,1,0,1,-21.23,-34.23,1,0,0,0,55,42,40,20,55,0.364,5,15,0.333,10,22,0.455,11,47,15,6,7,14,15,2023-2024
277,South Florida,3,3,0,1,6.97,-10.7,3,0,0,0,226,173,120,75,168,0.446,23,67,0.343,53,77,0.688,43,141,49,19,17,62,64,2023-2024
278,Southeast Missouri State,2,1,1,0.5,-12.21,2.79,1,0,0,1,152,145,80,55,101,0.545,7,19,0.368,35,51,0.686,18,66,27,15,3,45,40,2023-2024
279,Southeastern Louisiana,2,1,1,0.5,17.63,38.63,1,0,0,1,107,97,80,42,121,0.347,8,36,0.222,15,27,0.556,25,78,21,16,6,26,38,2023-2024
280,Southern,4,0,4,0,-29.34,4.66,0,0,0,4,190,326,160,69,208,0.332,20,59,0.339,32,51,0.627,16,103,19,26,8,77,82,2023-2024
281,Southern California,3,3,0,1,43,17.67,2,0,0,0,243,167,120,94,184,0.511,22,69,0.319,33,55,0.6,36,118,56,32,13,45,55,2023-2024
282,Southern Illinois,2,1,1,0.5,-5.91,-11.91,1,1,0,0,162,150,80,58,133,0.436,14,41,0.341,32,54,0.593,29,68,34,29,6,34,54,2023-2024
283,SIU Edwardsville,3,1,2,0.333,-24.87,-13.21,1,1,0,1,222,257,120,78,179,0.436,16,56,0.286,50,62,0.806,35,118,41,8,10,57,72,2023-2024
284,Southern Indiana,2,2,0,1,-20.4,-24.4,2,0,0,0,153,101,80,60,120,0.5,15,30,0.5,18,27,0.667,32,90,26,25,10,50,39,2023-2024
285,Southern Methodist,2,2,0,1,15.8,-20.2,2,0,0,0,174,102,80,65,120,0.542,14,27,0.519,30,51,0.588,21,80,44,21,9,25,23,2023-2024
286,Southern Mississippi,2,2,0,1,18,1,2,0,0,0,165,106,80,65,131,0.496,18,38,0.474,17,19,0.895,28,82,39,20,7,29,24,2023-2024
287,Southern Utah,2,0,2,0,-1.57,9.93,0,2,0,0,139,162,80,48,112,0.429,13,47,0.277,30,41,0.732,19,70,26,16,8,38,31,2023-2024
288,St. Bonaventure,2,1,1,0.5,-8.22,-5.22,1,0,0,1,121,127,80,36,104,0.346,10,39,0.256,39,55,0.709,22,80,14,11,2,38,36,2023-2024
289,St. Francis (NY),0,0,0,NA,NA,NA,NA,NA,NA,NA,NA,NA,NA,NA,NA,NA,NA,NA,NA,NA,NA,NA,NA,NA,NA,NA,NA,NA,NA,2023-2024
290,St. John's (NY),2,1,1,0.5,-3.2,-19.2,1,0,0,1,150,118,80,56,120,0.467,14,36,0.389,24,29,0.828,22,73,31,19,6,28,32,2023-2024
291,St. Thomas,2,1,1,0.5,9,34,1,0,0,1,170,156,80,64,134,0.478,20,56,0.357,22,25,0.88,21,72,32,21,6,37,40,2023-2024
292,Stanford,2,2,0,1,50.2,10.7,2,0,0,0,183,104,80,68,138,0.493,15,46,0.326,32,35,0.914,35,110,28,12,12,25,38,2023-2024
293,Stephen F. Austin,2,1,1,0.5,-6.38,-3.38,1,1,0,0,199,130,85,70,149,0.47,17,57,0.298,42,56,0.75,31,74,43,43,3,27,40,2023-2024
294,Stetson,2,0,2,0,-7.25,4.25,0,0,0,2,112,135,80,41,122,0.336,10,37,0.27,20,25,0.8,25,71,14,14,2,32,45,2023-2024
295,Stonehill,3,0,3,0,-12.47,11.2,0,2,0,1,163,234,120,63,202,0.312,15,72,0.208,22,35,0.629,40,115,25,16,5,63,47,2023-2024
296,Stony Brook,2,2,0,1,19.34,2.84,1,0,1,0,167,134,80,57,115,0.496,20,51,0.392,33,42,0.786,19,79,41,17,3,35,28,2023-2024
297,Syracuse,2,2,0,1,17.77,-23.23,2,0,0,0,176,94,80,70,138,0.507,13,40,0.325,23,38,0.605,39,99,30,20,8,29,15,2023-2024
298,Tarleton State,3,1,2,0.333,17.18,25.18,1,0,0,2,224,172,120,86,186,0.462,25,71,0.352,27,40,0.675,32,113,54,27,16,49,56,2023-2024
299,TCU,3,3,0,1,24,1.5,3,0,0,0,229,146,120,79,180,0.439,33,79,0.418,38,49,0.776,40,133,51,20,22,37,42,2023-2024
300,Temple,3,2,1,0.667,5.42,-16.91,2,1,0,0,231,164,120,91,204,0.446,21,67,0.313,28,41,0.683,52,117,44,39,11,40,60,2023-2024
301,Tennessee,3,2,1,0.667,17.05,4.38,2,0,0,1,268,230,125,96,206,0.466,22,68,0.324,54,78,0.692,58,150,51,18,11,54,43,2023-2024
302,Tennessee State,3,1,2,0.333,-30.49,1.51,1,0,0,2,126,184,120,41,154,0.266,7,49,0.143,37,53,0.698,30,82,20,36,6,78,40,2023-2024
303,Tennessee Tech,1,0,1,0,-9,24,0,0,0,1,64,97,40,26,51,0.51,5,13,0.385,7,12,0.583,8,29,18,7,1,26,25,2023-2024
304,Tennessee-Martin,2,0,2,0,-10.73,6.77,0,1,0,1,119,154,80,47,115,0.409,12,36,0.333,13,22,0.591,18,61,35,21,7,37,36,2023-2024
305,Texas,2,2,0,1,14.62,-16.88,2,0,0,0,155,92,80,63,147,0.429,8,37,0.216,21,41,0.512,41,88,40,30,5,21,24,2023-2024
306,Texas A&M,2,2,0,1,19.04,-1.96,2,0,0,0,147,105,80,54,144,0.375,11,47,0.234,28,41,0.683,36,95,39,29,11,25,38,2023-2024
307,Texas A&M-Commerce,2,2,0,1,NA,NA,2,0,0,0,176,97,80,64,142,0.451,25,56,0.446,23,31,0.742,26,96,48,24,8,34,36,2023-2024
308,Texas A&M-Corpus Christi,3,2,1,0.667,-0.61,22.39,2,0,0,1,221,154,120,82,208,0.394,11,50,0.22,46,72,0.639,46,137,51,40,12,33,47,2023-2024
309,Texas Southern,1,0,1,0,8.86,25.86,0,0,0,1,59,76,40,23,71,0.324,8,31,0.258,5,6,0.833,11,36,11,7,5,14,12,2023-2024
310,Texas State,2,2,0,1,9.3,-16.7,2,0,0,0,164,96,80,59,139,0.424,7,33,0.212,39,52,0.75,40,97,28,21,7,32,36,2023-2024
311,Texas Tech,3,3,0,1,17.89,-3.77,3,0,0,0,225,160,120,77,167,0.461,22,63,0.349,49,65,0.754,36,109,35,29,10,60,60,2023-2024
312,Texas-Rio Grande Valley,2,0,2,0,-16.53,4.47,0,1,0,1,117,159,80,39,103,0.379,8,38,0.211,31,45,0.689,12,58,16,17,9,42,39,2023-2024
313,Toledo,2,1,1,0.5,-3.3,1.7,0,0,1,1,130,140,80,47,134,0.351,12,45,0.267,24,32,0.75,22,72,19,18,4,23,31,2023-2024
314,Towson,1,1,0,1,5.55,1.55,1,0,0,0,76,72,40,29,70,0.414,5,12,0.417,13,21,0.619,17,39,12,9,2,17,24,2023-2024
315,Troy,1,0,1,0,9,24,0,1,0,0,71,86,40,27,64,0.422,6,19,0.316,11,16,0.688,13,41,16,4,4,23,14,2023-2024
316,Tulane,2,1,1,0.5,7.72,3.72,1,1,0,0,134,126,80,44,114,0.386,15,52,0.288,31,39,0.795,21,73,31,18,6,33,27,2023-2024
317,Tulsa,3,3,0,1,9.59,-5.75,2,0,1,0,240,194,120,81,177,0.458,26,70,0.371,52,72,0.722,31,133,49,19,8,54,75,2023-2024
318,UAB,2,2,0,1,-28.41,-44.41,2,0,0,0,151,119,80,55,124,0.444,11,40,0.275,30,39,0.769,24,75,31,19,10,19,26,2023-2024
319,UC Davis,3,1,2,0.333,-24.13,-15.13,1,1,0,1,232,200,120,91,204,0.446,28,84,0.333,22,35,0.629,38,126,59,24,0,47,53,2023-2024
320,UC Irvine,2,1,1,0.5,2.12,-10.88,1,0,0,1,132,106,80,46,120,0.383,13,46,0.283,27,37,0.73,28,69,24,29,6,35,36,2023-2024
321,UC Riverside,2,0,2,0,-5.31,25.19,0,0,0,2,107,168,80,42,128,0.328,11,51,0.216,12,19,0.632,17,60,27,16,3,21,31,2023-2024
322,UC San Diego,3,1,2,0.333,-10.24,-1.74,1,1,0,1,196,157,125,72,201,0.358,18,80,0.225,34,52,0.654,44,127,43,29,8,35,44,2023-2024
323,UC Santa Barbara,1,1,0,1,20.25,8.25,1,0,0,0,87,75,40,34,67,0.507,9,24,0.375,10,12,0.833,5,35,24,5,5,15,19,2023-2024
324,UCLA,3,3,0,1,33,-10.34,3,0,0,0,295,165,120,110,212,0.519,37,89,0.416,38,49,0.776,55,148,79,27,14,38,41,2023-2024
325,UNC Asheville,2,1,1,0.5,-20.17,-22.67,1,0,0,1,114,109,80,42,115,0.365,13,39,0.333,17,26,0.654,24,70,22,15,5,37,37,2023-2024
326,UNC Greensboro,2,1,1,0.5,-10.07,-22.57,1,0,0,1,126,101,80,51,130,0.392,13,47,0.277,11,17,0.647,29,76,26,18,8,21,36,2023-2024
327,UNC Wilmington,2,1,1,0.5,-24.08,0.92,1,0,0,1,127,116,80,45,118,0.381,7,39,0.179,30,46,0.652,26,80,26,20,8,34,40,2023-2024
328,UT Arlington,2,0,2,0,-13.31,2.69,0,1,0,1,118,150,80,39,117,0.333,13,35,0.371,27,37,0.73,22,70,24,10,7,27,38,2023-2024
329,Utah,2,2,0,1,19.35,-40.15,2,0,0,0,212,93,80,74,146,0.507,34,85,0.4,30,43,0.698,47,109,61,29,6,29,34,2023-2024
330,Utah State,2,0,2,0,-27.34,-1.84,0,1,0,1,103,154,80,39,105,0.371,4,27,0.148,21,35,0.6,27,74,17,15,1,47,26,2023-2024
331,Utah Tech,2,2,0,1,7.96,-7.04,2,0,0,0,189,117,80,75,141,0.532,27,62,0.435,12,20,0.6,23,99,38,13,7,21,32,2023-2024
332,Utah Valley,1,1,0,1,-18.17,-19.17,1,0,0,0,56,55,40,22,54,0.407,3,18,0.167,9,12,0.75,5,21,14,20,4,16,23,2023-2024
333,UTEP,2,2,0,1,2,0,2,0,0,0,137,118,80,48,119,0.403,10,26,0.385,31,51,0.608,32,80,23,18,3,28,29,2023-2024
334,UTSA,2,1,1,0.5,3.63,9.63,1,0,0,1,113,125,80,42,116,0.362,6,31,0.194,23,43,0.535,34,89,19,17,12,37,41,2023-2024
335,Valparaiso,1,0,1,0,-42.19,-29.19,0,0,0,1,62,75,40,23,54,0.426,10,24,0.417,6,9,0.667,7,31,16,7,3,18,21,2023-2024
336,Vanderbilt,3,3,0,1,-2.15,-19.48,2,0,1,0,241,189,120,82,194,0.423,22,65,0.338,55,76,0.724,52,121,55,36,13,34,42,2023-2024
337,Vermont,2,1,1,0.5,1,0,1,0,0,1,107,105,80,42,105,0.4,6,35,0.171,17,22,0.773,19,71,26,10,9,28,26,2023-2024
338,Villanova,2,1,1,0.5,19.43,11.93,0,0,1,1,120,105,80,51,130,0.392,6,35,0.171,12,18,0.667,21,67,27,17,8,12,33,2023-2024
339,Virginia,2,2,0,1,28.11,3.61,2,0,0,0,150,101,80,49,129,0.38,11,46,0.239,41,48,0.854,33,103,32,19,15,30,32,2023-2024
340,Virginia Commonwealth,2,2,0,1,-2.05,-24.05,1,0,1,0,142,98,80,51,113,0.451,15,28,0.536,25,31,0.806,29,83,21,13,9,35,31,2023-2024
341,Virginia Tech,2,1,1,0.5,47.99,30.49,1,0,0,0,170,135,80,63,133,0.474,24,60,0.4,20,24,0.833,25,84,27,4,16,24,44,2023-2024
342,Wagner,3,1,2,0.333,-36.03,-13.03,1,0,0,2,209,150,125,79,208,0.38,15,58,0.259,36,54,0.667,52,135,40,52,10,57,61,2023-2024
343,Wake Forest,2,1,1,0.5,10.77,8.27,1,0,0,1,127,122,80,48,114,0.421,14,49,0.286,17,26,0.654,26,79,21,16,4,35,30,2023-2024
344,Washington,2,2,0,1,22.49,-38.51,2,0,0,0,189,67,80,75,144,0.521,23,54,0.426,16,25,0.64,37,109,42,21,13,28,37,2023-2024
345,Washington State,3,3,0,1,21.97,8.97,3,0,0,0,219,180,125,77,176,0.438,19,64,0.297,46,64,0.719,42,130,46,22,23,52,49,2023-2024
346,Weber State,3,0,3,0,-14.94,4.4,0,0,0,3,151,209,120,53,149,0.356,15,53,0.283,30,46,0.652,28,94,31,14,2,65,47,2023-2024
347,West Virginia,2,2,0,1,14.83,-7.17,1,0,1,0,145,101,80,53,121,0.438,20,47,0.426,19,31,0.613,25,64,33,30,7,32,28,2023-2024
348,Western Carolina,3,1,2,0.333,-55.74,-34.24,1,1,0,1,206,175,120,83,190,0.437,13,54,0.241,27,41,0.659,42,110,49,35,7,36,40,2023-2024
349,Western Illinois,3,2,1,0.667,-20.55,-26.05,2,0,0,1,228,193,120,80,181,0.442,18,55,0.327,50,73,0.685,32,132,44,27,8,48,49,2023-2024
350,Western Kentucky,3,3,0,1,4.4,-4.26,2,0,1,0,208,182,120,69,177,0.39,18,68,0.265,52,67,0.776,25,97,42,52,13,52,61,2023-2024
351,Western Michigan,2,0,2,0,8.77,27.27,0,0,0,2,111,148,80,42,123,0.341,14,51,0.275,13,19,0.684,24,68,25,12,2,41,52,2023-2024
352,Wichita State,2,1,1,0.5,0.6,3.1,1,0,0,1,128,133,80,50,135,0.37,8,35,0.229,20,32,0.625,27,75,16,23,2,27,35,2023-2024
353,William & Mary,3,0,3,0,-15.26,-7.59,0,3,0,0,190,213,120,64,165,0.388,13,67,0.194,49,65,0.754,42,107,46,18,5,60,66,2023-2024
354,Winthrop,2,0,2,0,-4.1,25.4,0,0,0,2,91,150,80,36,102,0.353,9,32,0.281,10,15,0.667,20,64,17,10,4,50,44,2023-2024
355,Wisconsin,2,2,0,1,0.5,-16,2,0,0,0,136,103,80,45,109,0.413,16,48,0.333,30,53,0.566,18,79,27,23,6,42,39,2023-2024
356,Wofford,3,2,1,0.667,-2.69,-10.19,2,0,0,1,224,171,120,85,198,0.429,22,70,0.314,32,47,0.681,39,131,40,18,10,46,51,2023-2024
357,Wright State,2,0,2,0,-14,10,0,0,0,2,118,166,80,46,122,0.377,16,51,0.314,10,20,0.5,16,56,26,23,8,35,34,2023-2024
358,Wyoming,2,1,1,0.5,13.2,14.2,1,1,0,0,129,131,80,46,117,0.393,8,42,0.19,29,32,0.906,12,67,26,14,4,24,33,2023-2024
359,Xavier,2,0,2,0,-40.84,-20.34,0,1,0,1,95,136,80,37,108,0.343,7,47,0.149,14,26,0.538,13,47,16,15,5,34,33,2023-2024
360,Yale,2,0,2,0,4.43,17.43,0,1,0,1,119,145,80,49,136,0.36,11,41,0.268,10,19,0.526,38,85,29,15,10,34,44,2023-2024
361,Youngstown State,2,2,0,1,-28.49,-42.49,2,0,0,0,133,73,80,48,98,0.49,12,37,0.324,25,33,0.758,17,78,39,16,5,39,27,2023-2024
